ReportProgramCode,Program Name,MTCU Code,Total Grads,Further Education,Still Seeking a Job,Not Seeking Employment,Status Unknown,Available for Employment,"Working FT, Program-Related","Working PT, Program-Related","Working FT, Program-Unrelated","Working PT, Program-Unrelated",Average Salaries (FT+R),Salaries Reported (FT+R)
0002,"PROTECTION, SECURITY & INVESTIGATION",53007,48,8,2,2,22,16,6,,6,2,"$30,712.23 ",4
0003,EARLY CHILDHOOD EDUCATION,51211,177,16,1,2,94,65,41,15,4,3,"$35,761.11 ",31
00031,EARLY CHILDHOOD EDUCATION - FAST TRACK,51211,18,3,,,5,10,7,3,,,"$29,518.58 ",7
0008,RECREATION AND LEISURE SERVICES,52203,40,6,2,,21,13,3,6,1,1,"$60,000.00 ",1
00081,RECREATION AND LEISURE SERVICES - FAST TRACK,52203,4,1,,,2,1,,1,,,,
0009,SOCIAL SERVICE WORKER,50721,47,8,2,2,20,17,8,5,1,1,"$35,481.13 ",7
0011,BUSINESS ADMINISTRATION - ACCOUNTING,60100,70,13,3,1,33,23,13,2,2,3,"$34,829.87 ",13
0013,BUSINESS ADMINISTRATION - MARKETING,62900,12,,1,,6,6,3,,2,,"$60,000.00 ",1
0024,CIVIL ENGINEERING TECHNOLOGY,61003,11,1,1,,8,12,11,,,,"$47,043.44 ",11
0025,CONSTRUCTION ENGINEERING TECHNOLOGY - ARCHITECTURE,68200,42,1,2,,27,27,23,,1,,"$46,234.05 ",22
0029,ENERGY SYSTEMS ENGINEERING TECHNOLOGY,65503,18,1,,,13,6,5,,,1,"$49,517.16 ",5
0040C,IT INNOVATION & DESIGN (CO-OP),60518,5,1,,,3,4,2,1,,,"$48,000.00 ",1
0043,WELDING ENGINEERING TECHNOLOGY INSPECTION,64900,9,1,,,4,4,3,,1,,"$43,250.05 ",2
0045,BUSINESS ADMINISTRATION - MATERIALS MANAGEMENT,68900,18,1,1,1,9,7,6,,,,"$51,665.52 ",6
0046,WELDING ENGINEERING TECHNICIAN,54900,17,1,,,9,7,7,,,,"$51,276.64 ",5
0049,GRAPHIC DESIGN,61820,24,1,2,,15,8,5,,,1,"$36,392.88 ",4
0052,PARAMEDIC,51637,29,1,,,11,17,11,4,2,,"$77,386.80 ",9
0054,WOODWORKING TECHNICIAN,54300,25,1,,,18,6,6,,,,"$31,248.62 ",4
0055,BUSINESS ADMINISTRATION - MANAGEMENT,60200,46,6,1,,23,17,11,1,3,1,"$43,335.18 ",10
0056C,HOSPITALITY MANAGEMENT - HOTEL,53201,19,1,,,14,4,4,,,,"$30,161.96 ",3
0057,COMPUTER PROGRAMMER/ANALYST,60503,17,,2,,13,21,15,,1,2,"$51,010.49 ",12
0062,BUSINESS,50200,84,7,7,1,45,31,15,2,4,1,"$35,259.56 ",9
0064,ELECTRONICS ENGINEERING TECHNICIAN,55203,2,,,,3,2,2,,,,"$35,457.24 ",1
0066C,COMPUTER APPLICATION DEVELOPMENT (CO-OP),70501,24,1,1,,11,12,11,,,,"$51,932.65 ",9
0071,ELECTRICAL ENGINEERING TECHNICIAN,55613,19,2,1,,11,6,3,,2,,"$31,007.70 ",3
0073C,MECHANICAL ENGINEERING TECHNOLOGY - DESIGN & ANALYSIS (CO-OP),61007,18,3,,,9,6,6,,,,"$45,883.35 ",6
0074C,MECHANICAL ENGINEERING TECHNOLOGY - AUTOMATED MANUFACTURING (CO-OP),61007,3,,,,2,2,2,,,,"$37,771.48 ",2
0076C,MECHANICAL ENGINEERING TECHNICIAN - AUTOMATED  MANUFACTURING (CO-OP),55300,11,1,1,,4,7,3,1,1,1,"$38,771.48 ",2
0089,GENERAL ARTS & SCIENCE - DIPLOMA,54701,9,3,,,3,3,,,1,2,,
0092C,MECHANICAL ENGINEERING TECHNOLOGY - ROBOT & AUTOMATION (CO-OP),61007,12,1,1,,2,9,8,,,,"$50,665.62 ",6
0098,ELECTRONICS ENG TECHNOLOGY - TELECOM SYSTEMS,65203,7,1,2,,4,7,5,,,,"$48,663.38 ",3
0199,TECHNOLOGY FOUNDATIONS,44702,23,13,,,8,2,,,2,,,
0389,GENERAL ARTS & SCIENCE - ENGLISH LANGUAGE STUDIES (16-64 WKS) (DEPEND ON STUDENT NEED,54701,39,12,6,5,15,7,,,1,,,
0428,HEAVY EQUIPMENT OPERATOR,46703,32,2,,,20,10,7,,2,1,"$51,530.32 ",2
0461,HEAVY EQUIPMENT TECHNIQUES (CO-OP),46705,13,,,,8,5,4,,1,,"$37,672.66 ",3
0465,HRAC TECHNICIAN,55500,37,2,3,,17,18,13,,2,,"$35,713.55 ",12
0589,GENERAL ARTS AND SCIENCE - AVIATION,54701,12,,1,,7,6,5,,,,"$50,035.80 ",4
0611,PROFESSIONAL ACCOUNTING PRACTICE,70100,0,,,,,,,,,,,
0713,MOTIVE POWER FUNDAMENTALS - TRUCK & COACH,46405,9,1,,,2,6,5,,1,,"$40,143.15 ",5
07131,MOTIVE POWER FUNDAMENTALS - TRUCK & COACH (ITEP),46405,0,,,,,,,,,,,
0715,MOTIVE POWER FUNDAMENTALS - AUTO SERVICE,46405,16,1,,,9,6,6,,,,"$31,511.75 ",3
07161,CONSTRUCTION TECHNIQUES - MULTI-TRADE,48200,12,5,2,1,19,13,5,,5,1,"$39,576.14 ",5
07165,CONSTRUCTION TECHNIQUES - CARPENTRY,48200,27,5,1,,10,12,9,,2,,"$33,310.69 ",6
0722C,INSURANCE - PROPERTY & CAUSAILY (CO-OP),52803,12,1,,,6,5,4,,1,,"$42,379.49 ",4
0723,MOTIVE POWER FUNDAMENTALS,46405,9,3,,,6,,,,,,,
0727,MOTIVE POWER FUNDAMENTALS - MOTORCYCLE AND POWER SPORT VEHICLES,46405,8,,,,6,2,2,,,,"$29,200.08 ",1
0730C,FOOD PROCESSING TECHNICIAN,53704,8,,,,5,3,2,1,,,"$31,546.52 ",2
0731,MOTIVE POWER TECHNICIAN - TRUCK AND COACH,56405,10,,,,6,4,4,,,,"$56,175.39 ",3
0736C,POWERLINE TECHNICIAN,55610,32,,1,,14,18,15,,,,"$53,911.05 ",14
0737,MOTIVE POWER TECHNICIAN - HEAVY DUTY EQUIPTMENT,56405,4,,,,2,2,2,,,,"$30,242.94 ",1
0740,MOTIVE POWER TECHNICIAN - MOTORCYCLE AND POWER SPORT VEHICLES,56405,2,,,,1,1,,,1,,,
0741,MOTIVE POWER TECHNICIAN - AUTOMOTIVE SERVICE,56405,16,4,,,7,5,4,,1,,"$30,229.83 ",3
0789,GENERAL ARTS AND SCIENCE,44700,32,12,2,,14,6,,,3,1,,
0804C,WOODWORKING TECHNOLOGY,64300,21,1,,,8,12,11,,1,,"$45,053.09 ",10
0844,BRICK AND STONE FUNDAMENTALS,47700,7,1,,,3,3,3,,,,"$37,716.77 ",3
0869,CAREER DEVELOPMENT PRACTITIONER,70913,19,,,,6,13,7,3,2,,"$38,352.51 ",6
0895,CONSTRUCTION PROJECT MANAGEMENT,78222,21,10,2,,6,5,1,1,,1,"$54,000.00 ",1
0928,ELECTRICAL ENGINEERING TECHNOLOGY,65613,34,4,2,1,15,18,13,,3,,"$45,059.53 ",12
0965,HUMAN RESOURCE MANAGEMENT,70223,63,19,4,,51,44,32,,5,3,"$40,308.25 ",28
0973,POLICE FOUNDATIONS,53008,71,13,,1,46,11,7,1,3,,"$41,510.60 ",4
1008,TEACHER OF ENGLISH AS A SECOND LANGUAGE,71206,14,,,,8,6,,4,2,,,
1009,COMPUTER  PROGRAMMER,50503,24,2,3,,12,10,3,,2,2,"$56,350.14 ",3
1021,CIVIL ENGINEERING TECHNOLOGY - ENVIRONMENTAL ,61003,16,,,,6,12,10,,1,1,"$44,685.24 ",8
1023C,HOSPITALITY & TOURISM MANAGEMENT,53209,8,2,,,5,1,1,,,,"$30,000.00 ",1
1025C,CULINARY SKILLS - CHEF TRAINING,43107,11,,,,6,5,5,,,,"$25,525.78 ",5
1026C,CULINARY MANAGEMENT,53107,14,1,,,5,8,7,,1,,"$32,058.99 ",6
1032,FINANCIAL PLANNING SERVICES,72801,24,2,2,,12,10,7,,1,,"$40,816.34 ",7
1033,BUSINESS ADMINISTRATION - FINANCIAL PLANNING,62801,14,1,,,6,7,7,,,,"$38,780.62 ",7
1044,RENEWABLE ENERGY TECHNIQUES,45550,10,3,,,4,3,1,,2,,"$49,327.28 ",1
1046,SOFTWARE ENGINEERING TECHNICIAN,50504,5,,,,2,3,3,,,,"$52,500.00 ",2
1047,HEALTH  OFFICE  ADMINISTRATION,50222,58,11,3,,24,23,11,7,1,1,"$34,852.86 ",10
1053,HUMAN SERVICES FOUNDATIONS,40719,60,24,,,31,5,1,,2,1,"$47,032.99 ",1
1060,COMPUTER ENGINEERING TECHNOLOGY,60509,8,3,,,6,4,2,1,,1,"$38,642.90 ",2
1066C,BACHELOR OF ENGINEERING - MECHANICAL SYSTEMS ENGINEERING (CO-OP),87000,22,2,,,7,13,12,,1,,"$49,710.27 ",11
1067,ADVERTISING,52100,23,1,1,,8,14,8,,3,2,"$39,231.06 ",8
1068C,BACHELOR OF INTERIOR DESIGN (HONOURS),81833,10,,1,,4,6,4,,1,,"$54,937.54 ",4
1074,PRE SERVICE / ENTRY FIREFIGHTER,43006,56,3,3,1,25,27,5,,18,1,"$40,523.00 ",5
1077,PRACTICAL NURSING,51407,329,13,16,1,159,156,80,30,19,8,"$47,654.23 ",61
1079,MANUFACTURING ENGINEERING TECHNOLOGY - WELDING & ROBOTICS,67000,16,,,,11,6,5,,,,"$49,680.11 ",5
1084C,WOODWORKING TECHNOLOGY - ARCHITECTURAL MILLWORK (CO-OP),64300,0,,,,,,,,,,,
1093,PUBLIC RELATIONS - IT and MEDIA STUDIES,50243,34,2,,,19,13,8,1,4,,"$43,220.45 ",7
1094C,BACHELOR OF ADVANCED TECHNOLOGY - ELECTRONIC SYSTEMS ENGINEERING (CO-OP),89302,5,,,,1,4,4,,,,"$50,785.75 ",4
1095,OFFICE ADMINISTRATION - GENERAL,42313,44,4,2,,21,19,7,3,3,4,"$33,221.81 ",6
1096,OFFICE ADMINISTRATION - EXECUTIVE,52316,45,7,7,,19,19,10,1,,1,"$36,243.25 ",9
1097C,INFORMATION TECHNOLOGY SUPPORT SERVICES (CO-OP),50511,30,2,2,,16,12,8,,1,,"$36,630.06 ",6
1098,OFFICE ADMINISTRATION - LEGAL,52306,14,1,1,,9,4,,,3,,,
1099C,BACHELOR OF APPLIED TECHNOLOGY (HONOURS) - ARCHITECTURE - PROJECT AND FACILITY MANAGEMENT,88200,21,1,2,,6,14,11,1,,,"$52,482.57 ",11
1101,POWER ENGINEERING TECHNIQUES,49100,18,1,1,,7,10,5,,4,,"$69,528.07 ",5
1111,OCCUPATIONAL THERAPIST/PHYSIOTHERAPIST ASSISTANT,51502,30,3,,,10,17,7,4,5,1,"$27,013.63 ",5
1113,MECHANICAL TECHNIQUES - GENERAL MACHINIST,41007,3,,1,1,1,1,,,,,,
1128C,MECHANICAL TECHNIQUES- MILLWRIGHT,41007,9,,,,4,5,5,,,,"$37,960.10 ",5
1131C,BACHELOR OF APPLIED HEALTH INFORMATION SCIENCE (HONOURS),81643,17,,,,10,7,6,,1,,"$60,808.38 ",6
1132,SOFTWARE ENGINEERING TECHNOLOGY,60504,9,,1,,12,11,7,,1,1,"$54,926.55 ",7
1133C,MECHANICAL TECHNICIAN - GENERAL MACHINIST (CO-OP),55300,9,,,,5,4,3,,1,,"$33,058.66 ",3
1135C,MECHANICAL TECHNICIAN - TOOL & DIE (CO-OP),55300,5,,,,1,4,3,,1,,"$32,276.52 ",3
1142,RENOVATION TECHNICIAN,57600,18,1,1,,9,8,6,,,1,"$38,847.23 ",6
1144,BARTENDING,43108,12,1,1,,6,5,,1,2,1,,
1150,EVENT MANAGEMENT,72205,33,1,1,1,21,10,6,,2,1,"$34,178.16 ",6
1154,ELECTRICAL TECHNICIAN - INDUSTRIAL,55613,44,1,2,,23,20,14,,4,,"$33,775.87 ",11
1154C,ELECTRICAL TECHNICIAN - INDUSTRIAL (CO-OP),55613,9,,1,1,4,4,3,,,,"$39,296.27 ",3
1155,DIETETIC TECHNICIAN,52303,0,,,,,,,,,,,
1156,HOSPITALITY OPERATIONS - FOOD AND BEVERAGE,43201,2,,,,2,,,,,,,
1164,BIOTECHNOLOGY TECHNICIAN,51304,44,11,3,,21,12,6,,2,,"$35,706.44 ",5
11641,BIOTECHNOLOGY TECHNICIAN (FAST TRACK),51304,12,1,,,8,3,2,,1,,"$31,285.80 ",1
1165,PERSONAL SUPPORT WORKER,41469,158,23,1,4,80,51,26,18,3,2,"$34,403.04 ",21
1166,RESPIRATORY THERAPY,61615,29,,3,,5,24,11,4,3,2,"$61,407.82 ",9
1168,BROADCAST- RADIO,51903,20,3,2,,6,11,4,1,3,1,"$33,666.67 ",3
1169,BROADCAST - TELEVISION,51904,32,3,1,,19,10,4,1,4,,"$36,750.00 ",4
1170,JOURNALISM - PRINT,52005,17,,1,,8,9,4,,2,2,"$32,833.33 ",3
1171,JOURNALISM,52006,9,,,,6,3,,,1,2,,
1172C,BACHELOR OF BUSINESS ADMINISTRATION (HONOURS) - INTERNATIONAL BUSINESS MANAGEMENT,80202,36,,,,14,22,20,1,1,,"$46,675.21 ",19
1176,HEARING INSTRUMENT SPECIALIST,51645,31,2,1,,14,15,12,,1,1,"$42,370.61 ",10
1186,DESIGN & COMMUNICATIONS FUNDAMENTALS,41800,41,16,2,,20,5,,,1,2,,
1187,BUSINESS FOUNDATIONS,40208,26,10,2,1,9,6,2,,2,,"$33,892.95 ",2
1193,WELDING TECHNIQUES,44900,14,4,,,7,3,3,,,,"$70,000.00 ",1
1205,MEDIA AND COMMUNICATIONS FUNDAMENTALS,41904,15,1,1,,8,6,1,,2,2,"$30,000.00 ",1
1206,VISUAL MERCHANDISING ARTS,51837,17,4,,,8,5,2,1,1,1,"$28,626.51 ",2
1207,INTERIOR DECORATING,51838,30,2,,1,15,12,5,3,3,,"$31,481.48 ",4
1208,VIDEOGRAPHY,72004,0,,,,,,,,,,,
1212,ADVANCED POLICE STUDIES,73016,22,2,,,16,4,4,,,,"$56,500.00 ",2
1214,PRE-HEALTH SCIENCES PATHWAY TO ADVANCED DIPLOMAS AND DEGREES,41599,133,64,,2,58,9,1,,5,3,,
1218,FITNESS AND HEALTH PROMOTION,52209,35,4,2,,17,14,3,,6,2,"$41,714.40 ",3
1240C,BACHELOR OF COMMUNITY AND CRIMINAL JUSTICE (HONOURS) (CO-OP),83007,24,3,1,,12,16,7,2,4,1,"$39,270.83 ",6
1241C,"BACHELOR OF BUSINESS ADMINISTRATION (ACCOUNTING, AUDIT & INFORMATION TECHNOLOGY) (CO-OP)",80103,25,2,3,,17,24,19,,1,,"$43,789.21 ",16
1242,BUSINESS - MARKETING,52900,45,3,,,26,16,6,2,7,1,"$41,042.79 ",6
1243,INTEGRATED MARKETING COMMUNICATIONS,70243,19,7,,,6,6,5,,,1,"$34,500.00 ",2
1245,MECHANICAL TECHNIQUES - PLUMBING,41007,39,2,2,,27,10,4,1,3,,"$29,056.69 ",4
1247,GLOBAL BUSINESS MANAGEMENT,70225,51,16,1,,19,16,5,,9,1,"$27,196.03 ",5
1271,BOOKKEEPING,42400,32,4,6,,13,15,5,,3,1,"$30,623.10 ",4
1274C,PUBLIC SERVICE,70230,6,,1,,2,4,2,,1,,"$46,071.50 ",2
1275,PUBLIC ADMINISTRATION - MUNICIPAL SERVICES,50227,6,1,1,,3,2,,,1,,,
1276,COMMUNITY & SOCIAL SERVICES MANAGEMENT,70724,23,5,,2,9,7,3,,3,,"$39,000.00 ",2
1278C,BACHELOR OF PUBLIC RELATIONS (HONOURS) (CO-OP),80243,29,,3,,12,17,7,3,4,,"$35,208.69 ",7
1281,MECHANICAL TECHNIQUES - TOOL AND DIE / TOOL MAKER,41007,4,,,,1,3,2,,,1,"$29,200.08 ",2
1282,BUSINESS - PURCHASING,52925,16,2,2,,3,11,6,,2,1,"$53,900.00 ",5
1297,PARALEGAL,72614,41,2,2,1,17,21,12,1,5,1,"$33,200.18 ",11
1298,PROJECT MANAGEMENT,70207,50,10,1,1,23,16,7,1,6,1,"$35,528.60 ",6
1301,GREEN MANAGEMENT,70216,7,2,,1,1,3,2,1,,,"$46,500.00 ",2
1305,COMMUNITY AND JUSTICE SERVICES,50705,12,4,,,6,2,1,,1,,"$35,457.24 ",1
1306,PRE-HEALTH SCIENCES PATHWAY TO CERTIFICATES AND DIPLOMAS,41598,0,,,,,,,,,,,
1308,MEDICAL OFFICE PRACTICES,42308,18,1,1,,13,4,2,,1,,"$61,007.31 ",1
1310,SMALL BUSINESS VENTURES,70231,8,1,,,5,2,,1,1,,,
1311,SOCIAL MEDIA MARKETING,72903,8,,,,4,4,,,2,1,,
1314,FOOD SERVICE WORKER,43203,12,1,1,,6,5,1,1,1,1,,
1318C,ELECTRO-MECHANICAL MAINTENANCE (CO-OP),51024,10,,,,7,3,3,,,,"$44,634.41 ",3
1321,BRIDGE TO PRACTICAL NURSING FOR INTERNATIONALLY EDUCATED HEALTH PROFESSIONALS,71396,0,,,,,,,,,,,
1325,PROCESS QUALITY ENGINEERING,71005,71,28,1,,29,14,6,1,5,1,"$41,266.71 ",3
1327,ELECTRICAL TECHNIQUES,45613,30,5,,1,13,11,5,,6,,"$31,077.23 ",5
1332,EDUCATIONAL SUPPORT,51228,26,2,,,9,15,8,5,2,,"$39,322.62 ",5
1343,COMMUNITY INTEGRATION THROUGH CO-OPERATIVE EDUCATION,59650,19,2,7,,5,12,,1,1,3,,
1348C,PACKAGING ENGINEERING TECHNICIAN,58905,3,,,1,1,3,3,,,,"$60,000.00 ",1
1355C,BACHELOR OF EARLY LEARNING PROGRAM DEVLEOPMENT (HONOURS) (CO-OP),81217,13,4,,,5,4,2,,2,,"$35,000.00 ",1
1363,ENVIRONMENTAL BUILDING SCIENCES,72702,14,2,2,,6,6,1,1,2,,"$40,000.00 ",1
1415G,MOBILE SOLUTIONS DEVELOPMENT (CO-OP),70516,39,3,8,1,32,48,25,,13,2,"$44,959.31 ",19
1416G,EMBEDDED SYSTEMS DEVELOPMENT (CO-OP),75206,36,3,11,1,39,66,31,1,18,4,"$40,441.91 ",23
1446,FOOD SAFETY AND QUALITY ASSURANCE - FOOD PROCESSING,73702,49,15,2,2,13,19,13,1,1,2,"$35,900.57 ",11
1474,WIRELESS NETWORK INFASTRUCTURE,75700,34,18,,1,15,,,,,,,
1475,INFORMATION TECHNOLOGY NETWORK SECURITY,73002,25,13,2,,4,8,3,,1,2,"$50,000.00 ",2
1476,COMPUTER APPLICATION SECURITY,73002,1,,,,1,,,,,,,
2011,BUSINESS ADMINISTRATION - ACCOUNTING,60100,31,8,2,,13,10,8,,,,"$34,243.73 ",6
2242,BUSINESS - MARKETING,52900,1,,,,1,,,,,,,
8011C,BUSINESS ADMINISTRATION - ACCOUNTING (CO-OP),60100,12,,,,5,7,6,,1,,"$37,661.82 ",5
8013C,BUSINESS ADMINISTRATION - MARKETING (CO-OP),62900,12,1,1,,6,5,4,,,,"$37,261.37 ",3
8045C,BUSINESS ADMINISTRATION - MATERIALS MANAGEMENT (CO-OP),68900,22,,,1,6,15,15,,,,"$48,404.45 ",13
8870C,ENVIRONMENTAL  ENGINEERING APPLICATIONS (CO-OP),72700,18,,,,10,8,7,,1,,"$38,276.17 ",7
